estate,division,field_no,age_months,sd_vp,hect,crop,yph,code
Bearwell,Bearwell,9,11,VP,5.5,2546.5,463.0,BW
Bearwell,Bearwell,4C,18,VP,3.0,5595.0,1865.0,BW
Bearwell,Bearwell,4B,18,VP,2.0,3612.0,1806.0,BW
Bearwell,Bearwell,2,18,VP,7.75,10369.5,1338.0,BW
Bearwell,Bearwell,4A,27,VP,2.55,3967.7999999999997,1556.0,BW
Bearwell,Bearwell,1,27,VP,7.5,8790.0,1172.0,BW
Bearwell,Bearwell,3C,34,VP,2.59,3030.2999999999997,1170.0,BW
Bearwell,Bearwell,5A,35,VP,6.0,9594.0,1599.0,BW
Bearwell,Bearwell,3A,40,VP,2.71,4639.5199999999995,1712.0,BW
Bearwell,Bearwell,3B,40,VP,1.54,1760.22,1143.0,BW
Bearwell,Bearwell,5B,41,VP,6.0,8400.0,1400.0,BW
Bearwell,Bearwell,9A,47,VP,5.0,3600.0,720.0,BW
Bearwell,Bearwell,8A,6,SD,7.25,2102.5,290.0,BW
Bearwell,Bearwell,8B,18,SD,6.0,2154.0,359.0,BW
Bearwell,Bearwell,7,45,SD,3.75,1481.25,395.0,BW
Bearwell,Belgravia,4,6,VP,3.6,4924.8,1368.0,BG
Bearwell,Belgravia,12E,6,VP,2.5,3525.0,1410.0,BG
Bearwell,Belgravia,12F,6,VP,2.4,2520.0,1050.0,BG
Bearwell,Belgravia,2A,11,VP,0.8,930.4000000000001,1163.0,BG
Bearwell,Belgravia,2B,11,VP,5.0,5560.0,1112.0,BG
Bearwell,Belgravia,12C,11,VP,1.79,2124.73,1187.0,BG
Bearwell,Belgravia,5B,14,VP,1.5,3744.0,2496.0,BG
Bearwell,Belgravia,12D,17,VP,2.76,4672.679999999999,1693.0,BG
Bearwell,Belgravia,4A,18,VP,1.2,3765.6,3138.0,BG
Bearwell,Belgravia,12B,18,VP,1.13,2133.4399999999996,1888.0,BG
Bearwell,Belgravia,4NC,22,VP,1.65,3245.5499999999997,1967.0,BG
Bearwell,Belgravia,8,23,VP,1.0,2062.0,2062.0,BG
Bearwell,Belgravia,1,23,VP,0.75,2427.0,3236.0,BG
Bearwell,Belgravia,6,28,VP,5.8,9071.199999999999,1564.0,BG
Bearwell,Belgravia,5A,34,VP,1.5,3258.0,2172.0,BG
Bearwell,Belgravia,12A,34,VP,2.4,4672.8,1947.0,BG
Bearwell,Belgravia,2C,34,VP,2.33,8152.67,3499.0,BG
Bearwell,Belgravia,11,40,VP,8.0,15368.0,1921.0,BG
Bearwell,Belgravia,8A,47,VP,1.0,1918.0,1918.0,BG
Bearwell,Belgravia,2B,10,SD,3.5,1946.0,556.0,BG
Bearwell,Belgravia,7,18,SD,3.0,1002.0,334.0,BG
Bearwell,Belgravia,10,21,SD,1.32,749.76,568.0,BG
Bearwell,Belgravia,1,21,SD,6.5,3347.5,515.0,BG
Bearwell,Belgravia,9,40,SD,2.04,887.4,435.0,BG
Bearwell,Fairfield,8NC 2,9,VP,1.0,1762.0,1762.0,FF
Bearwell,Fairfield,10,11,VP,0.53,576.11,1087.0,FF
Bearwell,Fairfield,10C,11,VP,2.5,3477.5,1391.0,FF
Bearwell,Fairfield,9A,11,VP,1.7,1572.5,925.0,FF
Bearwell,Fairfield,3A,11,VP,2.0,1064.0,532.0,FF
Bearwell,Fairfield,4B,17,VP,3.93,4165.8,1060.0,FF
Bearwell,Fairfield,9,17,VP,5.16,7807.08,1513.0,FF
Bearwell,Fairfield,8,17,VP,4.0,9436.0,2359.0,FF
Bearwell,Fairfield,7,21,VP,6.0,10284.0,1714.0,FF
Bearwell,Fairfield,3B,22,VP,1.3,3608.8,2776.0,FF
Bearwell,Fairfield,10B,28,VP,1.5,3669.0,2446.0,FF
Bearwell,Fairfield,7A,28,VP,4.03,6939.660000000001,1722.0,FF
Bearwell,Fairfield,6A,29,VP,5.99,9542.07,1593.0,FF
Bearwell,Fairfield,8NC I,34,VP,1.28,3749.12,2929.0,FF
Bearwell,Fairfield,5A,35,VP,3.86,7160.3,1855.0,FF
Bearwell,Fairfield,5B,35,VP,4.7,7087.6,1508.0,FF
Bearwell,Fairfield,10D,39,VP,2.0,3478.0,1739.0,FF
Bearwell,Fairfield,10A,40,VP,2.5,3780.0,1512.0,FF
Bearwell,Fairfield,6B,40,VP,4.66,8052.4800000000005,1728.0,FF
Bearwell,Fairfield,8NC,44,VP,1.0,2550.0,2550.0,FF
Bearwell,Fairfield,4C,46,VP,2.31,3400.32,1472.0,FF
Bearwell,Fairfield,4A5C,47,VP,7.92,5726.16,723.0,FF
Bearwell,Fairfield,1,6,SD,3.28,596.9599999999999,182.0,FF
Bearwell,Fairfield,2,6,SD,3.46,100.34,29.0,FF
Bearwell,Fairfield,3,23,SD,6.3,1373.3999999999999,218.0,FF
Bearwell,Walaha,4B,11,VP,0.5,666.0,1332.0,WA
Bearwell,Walaha,4A,11,VP,2.0,2176.0,1088.0,WA
Bearwell,Walaha,7B,23,VP,7.0,12747.0,1821.0,WA
Bearwell,Walaha,5B,29,VP,6.5,10478.0,1612.0,WA
Bearwell,Walaha,3A,40,VP,3.25,6548.75,2015.0,WA
Bearwell,Walaha,5A,46,VP,6.5,10413.0,1602.0,WA
Bearwell,Walaha,9,6,SD,6.0,2340.0,390.0,WA
Bearwell,Walaha,8,7,SD,2.0,1068.0,534.0,WA
Bearwell,Walaha,6,8,SD,7.5,1800.0,240.0,WA
Bearwell,Walaha,3,11,SD,8.0,1872.0,234.0,WA
Bearwell,Walaha,10,16,SD,8.0,3696.0,462.0,WA
Bearwell,Walaha,1,28,SD,10.0,7990.0,799.0,WA
Bearwell,Walaha,2,35,SD,7.75,3448.75,445.0,WA
Bearwell,Walaha,9A,41,SD,7.75,4107.5,530.0,WA
GreatWestern,Galkandawatte,8D1,3,VP,4.0,4206.0,1051.5,GA
GreatWestern,Galkandawatte,12B,7,VP,1.0,1444.0,1444.0,GA
GreatWestern,Galkandawatte,3A,10,VP,4.05,2697.2999999999997,666.0,GA
GreatWestern,Galkandawatte,3B,10,VP,4.05,2729.0,673.8271604938271,GA
GreatWestern,Galkandawatte,12E,14,VP,1.32,2565.0,1943.181818181818,GA
GreatWestern,Galkandawatte,12D,15,VP,1.0,2427.0,2427.0,GA
GreatWestern,Galkandawatte,8B,16,VP,3.64,9256.52,2543.0,GA
GreatWestern,Galkandawatte,11A,20,VP,1.2,2444.0,2036.6666666666667,GA
GreatWestern,Galkandawatte,7A,21,VP,1.0,2390.0,2390.0,GA
GreatWestern,Galkandawatte,2A,21,VP,2.0,3462.0,1731.0,GA
GreatWestern,Galkandawatte,6A1,27,VP,4.0,8410.0,2102.5,GA
GreatWestern,Galkandawatte,8A,28,VP,3.8,7760.0,2042.1052631578948,GA
GreatWestern,Galkandawatte,8C,28,VP,3.8,5977.0,1572.8947368421054,GA
GreatWestern,Galkandawatte,12A,28,VP,3.0,5807.0,1935.6666666666667,GA
GreatWestern,Galkandawatte,7NC,34,VP,6.1,6340.0,1039.344262295082,GA
GreatWestern,Galkandawatte,8E,34,VP,2.0,4681.0,2340.5,GA
GreatWestern,Galkandawatte,6B,40,VP,1.7,4819.0,2834.7058823529414,GA
GreatWestern,Galkandawatte,9B,40,VP,2.0,5411.0,2705.5,GA
GreatWestern,Galkandawatte,6AII,46,VP,2.0,6028.0,3014.0,GA
GreatWestern,Galkandawatte,12C,46,VP,2.5,4461.0,1784.4,GA
GreatWestern,Galkandawatte,10A,47,VP,4.5,5572.0,1238.2222222222222,GA
GreatWestern,Galkandawatte,4,5,SD,12.1,565.0,46.69421487603306,GA
GreatWestern,Galkandawatte,2,21,SD,7.7,264.0,34.285714285714285,GA
GreatWestern,Galkandawatte,9,44,SD,5.9,1228.0,208.13559322033896,GA
GreatWestern,Galkandawatte,5,45,SD,4.1,1685.0,410.9756097560976,GA
GreatWestern,Galkandawatte,11,52,SD,3.5,696.0,198.85714285714286,GA
GreatWestern,GreatWestern,10A,2,VP,4.3,4028.0,936.7441860465117,GW
GreatWestern,GreatWestern,7B,6,VP,4.0,1807.0,451.75,GW
GreatWestern,GreatWestern,7A,10,VP,4.0,5705.0,1426.25,GW
GreatWestern,GreatWestern,9B,14,VP,6.0,11485.0,1914.1666666666667,GW
GreatWestern,GreatWestern,10C,15,VP,3.0,6320.0,2106.6666666666665,GW
GreatWestern,GreatWestern,4A,21,VP,3.0,8824.0,2941.3333333333335,GW
GreatWestern,GreatWestern,4B,21,VP,2.0,6350.0,3175.0,GW
GreatWestern,GreatWestern,8NC,27,VP,6.0,11962.0,1993.6666666666667,GW
GreatWestern,GreatWestern,6NC,40,VP,6.0,10736.0,1789.3333333333333,GW
GreatWestern,GreatWestern,4C,45,VP,1.0,1407.0,1407.0,GW
GreatWestern,GreatWestern,9A,46,VP,6.0,9061.0,1510.1666666666667,GW
GreatWestern,GreatWestern,10B11,46,VP,2.0,3961.0,1980.5,GW
GreatWestern,GreatWestern,11OST,2,SD,11.5,2100.0,182.6086956521739,GW
GreatWestern,GreatWestern,SC4,3,SD,6.9,545.0,78.98550724637681,GW
GreatWestern,GreatWestern,5GW,22,SD,12.2,1073.6,88.0,GW
GreatWestern,GreatWestern,4GW,39,SD,12.1,1496.0,123.63636363636364,GW
GreatWestern,Louisa,8B,3,VP,6.1,6185.0,1013.9344262295083,LO
GreatWestern,Louisa,9C,6,VP,3.68,3860.9999999999995,1049.1847826086955,LO
GreatWestern,Louisa,8A,8,VP,4.9,3640.0,742.8571428571428,LO
GreatWestern,Louisa,10B,10,VP,4.7,4972.6,1058.0,LO
GreatWestern,Louisa,9,14,VP,3.5,9201.0,2628.8571428571427,LO
GreatWestern,Louisa,7A,16,VP,7.0,14026.0,2003.7142857142858,LO
GreatWestern,Louisa,12B,20,VP,5.0,10853.0,2170.6,LO
GreatWestern,Louisa,13NC,21,VP,3.1,6283.0,2026.774193548387,LO
GreatWestern,Louisa,6NC II,25,VP,5.25,11609.0,2211.2380952380954,LO
GreatWestern,Louisa,6NC I,34,VP,5.25,9662.0,1840.3809523809523,LO
GreatWestern,Louisa,12A,34,VP,5.0,10487.0,2097.4,LO
GreatWestern,Louisa,11NC,40,VP,6.0,9733.0,1622.1666666666667,LO
GreatWestern,Louisa,10A,46,VP,4.7,9811.0,2087.446808510638,LO
GreatWestern,Louisa,4A,46,VP,0.5,884.0,1768.0,LO
GreatWestern,Louisa,2,15,SD,3.8,417.0,109.73684210526316,LO
GreatWestern,Louisa,5,19,SD,8.75,582.0,66.51428571428572,LO
GreatWestern,Louisa,4,33,SD,7.6,1359.0,178.81578947368422,LO
GreatWestern,Louisa,14,33,SD,7.7,1649.0,214.15584415584416,LO
GreatWestern,Louisa,15,44,SD,7.5,2230.0,297.3333333333333,LO
GreatWestern,Louisa,1,45,SD,9.7,981.0,101.1340206185567,LO
GreatWestern,Louisa,3,56,SD,2.4,0.0,0.0,LO
GreatWestern,Scalpa,5NC,6,VP,10.5,7647.000000000001,728.2857142857143,SC
GreatWestern,Scalpa,11NC,10,VP,4.0,5157.0,1289.25,SC
GreatWestern,Scalpa,8nc,16,VP,10.1,19048.0,1885.940594059406,SC
GreatWestern,Scalpa,10A,21,VP,2.0,3171.0,1585.5,SC
GreatWestern,Scalpa,6NC,27,VP,5.7,7634.0,1339.298245614035,SC
GreatWestern,Scalpa,9NC,34,VP,5.2,8143.200000000001,1566.0,SC
GreatWestern,Scalpa,11DA,40,VP,3.5,5759.0,1645.4285714285713,SC
GreatWestern,Scalpa,7NC,40,VP,9.5,12359.5,1301.0,SC
GreatWestern,Scalpa,3NC,45,VP,6.2,7122.999999999999,1148.8709677419354,SC
GreatWestern,Scalpa,12,46,VP,7.3,8133.0,1114.109589041096,SC
GreatWestern,Scalpa,2OST,15,SD,11.3,682.0,60.35398230088495,SC
GreatWestern,Scalpa,1OST,34,SD,9.9,519.0,52.42424242424242,SC
Holyrood,East-Rath,12A,2,VP,4.0,3948.0,987.0,ER
Holyrood,East-Rath,12B,2,VP,2.0,2336.0,1168.0,ER
Holyrood,East-Rath,8D,2,VP,3.0,2913.0,971.0,ER
Holyrood,East-Rath,13A,5,VP,2.0,2070.0,1035.0,ER
Holyrood,East-Rath,15FNC,9,VP,4.0,4884.0,1221.0,ER
Holyrood,East-Rath,17B,9,VP,4.0,5168.0,1292.0,ER
Holyrood,East-Rath,9B,9,VP,8.75,6895.0,788.0,ER
Holyrood,East-Rath,13B,20,VP,6.0,9282.0,1547.0,ER
Holyrood,East-Rath,8A,20,VP,4.5,7002.0,1556.0,ER
Holyrood,East-Rath,15B,21,VP,6.5,9659.0,1486.0,ER
Holyrood,East-Rath,17C,21,VP,1.5,2953.5,1969.0,ER
Holyrood,East-Rath,17,21,VP,1.25,2860.0,2288.0,ER
Holyrood,East-Rath,10,26,VP,6.25,10900.0,1744.0,ER
Holyrood,East-Rath,15D,27,VP,4.0,6628.0,1657.0,ER
Holyrood,East-Rath,14A,28,VP,4.0,8532.0,2133.0,ER
Holyrood,East-Rath,8B,34,VP,4.0,4460.0,1115.0,ER
Holyrood,East-Rath,8C,34,VP,5.0,5950.0,1190.0,ER
Holyrood,East-Rath,7,39,VP,6.62,10095.5,1525.0,ER
Holyrood,East-Rath,15C,39,VP,3.0,5244.0,1748.0,ER
Holyrood,East-Rath,14B,45,VP,6.5,10907.0,1678.0,ER
Holyrood,East-Rath,11,46,VP,10.0,10320.0,1032.0,ER
Holyrood,East-Rath,9A,64,VP,8.57,7035.97,821.0,ER
Holyrood,East-Rath,18I,5,SD,5.0,1595.0,319.0,ER
Holyrood,East-Rath,18II,5,SD,5.75,1903.25,331.0,ER
Holyrood,East-Rath,2,9,SD,8.0,2192.0,274.0,ER
Holyrood,East-Rath,19,15,SD,17.5,8435.0,482.0,ER
Holyrood,East-Rath,1,26,SD,8.0,3360.0,420.0,ER
Holyrood,East-Rath,16,27,SD,7.0,3465.0,495.0,ER
Holyrood,East-Rath,3A,39,SD,10.04,3895.5199999999995,388.0,ER
Holyrood,Lower,12A,2,VP,5.25,3333.75,635.0,HL
Holyrood,Lower,10A,5,VP,1.0,845.0,845.0,HL
Holyrood,Lower,14A,9,VP,2.0,1714.0,857.0,HL
Holyrood,Lower,15ANC,12,VP,1.0,975.0,975.0,HL
Holyrood,Lower,12C,20,VP,2.0,2776.0,1388.0,HL
Holyrood,Lower,10E2,27,VP,5.0,8115.0,1623.0,HL
Holyrood,Lower,10E1,33,VP,6.25,9193.75,1471.0,HL
Holyrood,Lower,10,5,SD,7.5,3750.0,500.0,HL
Holyrood,Lower,15A,9,SD,4.4,2521.2000000000003,573.0,HL
Holyrood,Lower,15B,9,SD,3.0,1785.0,595.0,HL
Holyrood,Lower,11,15,SD,8.01,5262.57,657.0,HL
Holyrood,Lower,14,21,SD,11.06,6912.5,625.0,HL
Holyrood,Lower,13,26,SD,10.25,9440.25,921.0,HL
Holyrood,Lower,15C,39,SD,4.75,3472.25,731.0,HL
Holyrood,Upper,6ANC,5,VP,3.5,2810.5,803.0,HU
Holyrood,Upper,7A,5,VP,3.06,2509.2,820.0,HU
Holyrood,Upper,7,9,VP,4.0,4788.0,1197.0,HU
Holyrood,Upper,9D,9,VP,2.5,3015.0,1206.0,HU
Holyrood,Upper,9A,21,VP,4.0,6480.0,1620.0,HU
Holyrood,Upper,9BC,21,VP,4.0,8056.0,2014.0,HU
Holyrood,Upper,5B,27,VP,4.25,7573.5,1782.0,HU
Holyrood,Upper,8A,33,VP,5.59,10056.41,1799.0,HU
Holyrood,Upper,5A,39,VP,3.0,5154.0,1718.0,HU
Holyrood,Upper,8,39,VP,4.0,7460.0,1865.0,HU
Holyrood,Upper,6BNC,45,VP,5.25,6646.5,1266.0,HU
Holyrood,Upper,1,15,SD,11.0,4972.0,452.0,HU
Holyrood,Upper,2,26,SD,11.0,6446.0,586.0,HU
Holyrood,Upper,4,33,SD,8.0,5800.0,725.0,HU
Holyrood,Upper,3,45,SD,5.75,2880.75,501.0,HU
Logie,Coombwood,1C,3,VP,4.78,3049.6400000000003,638.0,CW
Logie,Coombwood,5B,7,VP,4.06,2237.06,551.0,CW
Logie,Coombwood,1A,17,VP,3.85,5694.150000000001,1479.0,CW
Logie,Coombwood,2A,28,VP,6.68,9285.199999999999,1390.0,CW
Logie,Coombwood,5C,34,VP,3.91,4062.4900000000002,1039.0,CW
Logie,Coombwood,5A,34,VP,6.95,8833.45,1271.0,CW
Logie,Coombwood,1,46,VP,6.18,8305.92,1344.0,CW
Logie,Coombwood,6A,10,SD,5.79,1082.73,187.0,CW
Logie,Coombwood,7,21,SD,8.36,1588.3999999999999,190.0,CW
Logie,Coombwood,3A,21,SD,7.36,1736.96,236.0,CW
Logie,Coombwood,6B,40,SD,5.0,1065.0,213.0,CW
Logie,Coombwood,2B,46,SD,8.64,1529.2800000000002,177.0,CW
Logie,Logie,1A,9,VP,1.0,1314.0,1314.0,LG
Logie,Logie,3A 1,2,VP,4.0,4060.0,1015.0,LG
Logie,Logie,3A 2,4,VP,4.29,3753.75,875.0,LG
Logie,Logie,5A 1,15,VP,4.0,5548.0,1387.0,LG
Logie,Logie,5A2,15,VP,4.55,5796.7,1274.0,LG
Logie,Logie,1VPA,21,VP,3.0,5316.0,1772.0,LG
Logie,Logie,1VPB,21,VP,4.07,6890.51,1693.0,LG
Logie,Logie,6B,28,VP,6.92,8463.16,1223.0,LG
Logie,Logie,5B,40,VP,6.96,9528.24,1369.0,LG
Logie,Logie,4A,7,SD,2.87,1196.79,417.0,LG
Logie,Logie,2A,10,SD,7.52,3526.8799999999997,469.0,LG
Logie,Logie,1B,21,SD,8.49,3472.4100000000003,409.0,LG
Logie,Logie,3B,34,SD,6.96,4203.84,604.0,LG
Logie,Logie,2B,34,SD,5.0,1980.0,396.0,LG
Logie,Logie,6A,40,SD,6.58,2395.12,364.0,LG
Logie,Logie,4B,46,SD,6.85,2013.8999999999999,294.0,LG
Logie,Middleton,6A,9,VP,0.16,456.96000000000004,2856.0,MT
Logie,Middleton,1A,3,VP,4.52,4095.1199999999994,906.0,MT
Logie,Middleton,8NC,10,VP,4.85,5034.299999999999,1038.0,MT
Logie,Middleton,3D,17,VP,4.71,6951.96,1476.0,MT
Logie,Middleton,5A,22,VP,3.4,5147.599999999999,1514.0,MT
Logie,Middleton,3AA,22,VP,4.0,5864.0,1466.0,MT
Logie,Middleton,3B,28,VP,5.12,762.88,149.0,MT
Logie,Middleton,5B,34,VP,4.0,5632.0,1408.0,MT
Logie,Middleton,4B/B,40,VP,4.2,7459.200000000001,1776.0,MT
Logie,Middleton,3A,46,VP,3.31,4216.9400000000005,1274.0,MT
Logie,Middleton,6,52,VP,5.33,7877.74,1478.0,MT
Logie,Middleton,8,10,SD,1.74,708.18,407.0,MT
Logie,Middleton,2,34,SD,4.84,1892.44,391.0,MT
Mattakelle,Cairness,8,1,VP,6.97,8419.76,1208.0,CN
Mattakelle,Cairness,"3/3,",2,VP,3.09,5175.75,1675.0,CN
Mattakelle,Cairness,2B/1,5,VP,4.69,6237.700000000001,1330.0,CN
Mattakelle,Cairness,"3/1,",5,VP,5.3,4081.0,770.0,CN
Mattakelle,Cairness,6A,11,VP,2.5,3970.0,1588.0,CN
Mattakelle,Cairness,6B/5,11,VP,2.5,2135.0,854.0,CN
Mattakelle,Cairness,13,15,VP,2.59,6039.88,2332.0,CN
Mattakelle,Cairness,10\1,15,VP,5.3,12386.1,2337.0,CN
Mattakelle,Cairness,5/2B,16,VP,3.62,5864.400000000001,1620.0,CN
Mattakelle,Cairness,2B,20,VP,5.43,11593.05,2135.0,CN
Mattakelle,Cairness,5/2A,21,VP,3.5,5341.0,1526.0,CN
Mattakelle,Cairness,6A4/1,21,VP,0.86,1576.3799999999999,1833.0,CN
Mattakelle,Cairness,6A1,22,VP,6.0,13620.0,2270.0,CN
Mattakelle,Cairness,16/1,22,VP,2.4,6393.599999999999,2664.0,CN
Mattakelle,Cairness,"4/2,",25,VP,5.74,8552.6,1490.0,CN
Mattakelle,Cairness,"5/1,",26,VP,2.44,3891.7999999999997,1595.0,CN
Mattakelle,Cairness,2A1,26,VP,4.68,11260.08,2406.0,CN
Mattakelle,Cairness,6B/2,32,VP,2.5,5917.5,2367.0,CN
Mattakelle,Cairness,"4/1,",32,VP,6.0,11304.0,1884.0,CN
Mattakelle,Cairness,"3/4,",32,VP,2.8,5642.0,2015.0,CN
Mattakelle,Cairness,"3/2,",38,VP,2.93,4585.45,1565.0,CN
Mattakelle,Cairness,"6B/3,",40,VP,2.0,5716.0,2858.0,CN
Mattakelle,Cairness,"6B/4,",40,VP,2.0,4192.0,2096.0,CN
Mattakelle,Cairness,16,41,VP,4.45,8063.400000000001,1812.0,CN
Mattakelle,Cairness,6B/1,43,VP,2.2,4001.8,1819.0,CN
Mattakelle,Cairness,13A,45,VP,2.0,6242.0,3121.0,CN
Mattakelle,Cairness,"16/4,",46,VP,1.6,1571.2,982.0,CN
Mattakelle,Cairness,2A,48,VP,3.81,5859.78,1538.0,CN
Mattakelle,Cairness,"10/2,",48,VP,2.0,4350.0,2175.0,CN
Mattakelle,Cairness,6A/4,54,VP,1.25,2168.75,1735.0,CN
Mattakelle,Mattakelle,5A/1,1,VP,5.7,5728.5,1005.0,MK
Mattakelle,Mattakelle,5A/2,1,VP,7.62,7543.8,990.0,MK
Mattakelle,Mattakelle,6B/2/3,2,VP,3.0,5493.0,1831.0,MK
Mattakelle,Mattakelle,2A,5,VP,6.5,2821.0,434.0,MK
Mattakelle,Mattakelle,2,5,VP,5.24,1383.3600000000001,264.0,MK
Mattakelle,Mattakelle,5B/2,11,VP,3.23,2651.83,821.0,MK
Mattakelle,Mattakelle,6A/2,11,VP,2.0,3050.0,1525.0,MK
Mattakelle,Mattakelle,"3/1,",15,VP,5.52,7242.24,1312.0,MK
Mattakelle,Mattakelle,11,17,VP,6.48,10082.880000000001,1556.0,MK
Mattakelle,Mattakelle,3,18,VP,5.0,6895.0,1379.0,MK
Mattakelle,Mattakelle,"10/2,",20,VP,3.6,6483.6,1801.0,MK
Mattakelle,Mattakelle,5B/1,20,VP,4.18,7929.459999999999,1897.0,MK
Mattakelle,Mattakelle,6A2/1,20,VP,2.0,4230.0,2115.0,MK
Mattakelle,Mattakelle,"10/4,",20,VP,1.25,2118.75,1695.0,MK
Mattakelle,Mattakelle,11/1,26,VP,2.98,8564.52,2874.0,MK
Mattakelle,Mattakelle,7/1,26,VP,3.73,8183.62,2194.0,MK
Mattakelle,Mattakelle,8/2,27,VP,6.55,10886.1,1662.0,MK
Mattakelle,Mattakelle,12/1,27,VP,4.25,15810.0,3720.0,MK
Mattakelle,Mattakelle,8/1,33,VP,6.0,13212.0,2202.0,MK
Mattakelle,Mattakelle,6A/1,33,VP,2.0,4624.0,2312.0,MK
Mattakelle,Mattakelle,7,33,VP,3.0,6636.0,2212.0,MK
Mattakelle,Mattakelle,10/3,33,VP,2.0,4320.0,2160.0,MK
Mattakelle,Mattakelle,1/B/2,38,VP,5.0,5575.0,1115.0,MK
Mattakelle,Mattakelle,4,38,VP,8.09,12685.119999999999,1568.0,MK
Mattakelle,Mattakelle,6B/4,38,VP,3.0,5694.0,1898.0,MK
Mattakelle,Mattakelle,1A/1,41,VP,4.0,6928.0,1732.0,MK
Mattakelle,Mattakelle,1A/2,43,VP,4.09,6748.5,1650.0,MK
Mattakelle,Mattakelle,1B/1,43,VP,2.31,3654.42,1582.0,MK
Mattakelle,Mattakelle,9A/2,44,VP,2.4,444.0,185.0,MK
Mattakelle,Mattakelle,11/1A,45,VP,2.27,6444.53,2839.0,MK
Mattakelle,Mattakelle,10,11,SD,2.67,2253.48,844.0,MK
Mattakelle,Mattakelle,7A,15,SD,1.54,2071.3,1345.0,MK
Mattakelle,Mattakelle,12,38,SD,6.39,9284.67,1453.0,MK
Mattakelle,Mattakelle,9A,39,SD,2.0,3936.0,1968.0,MK
Mattakelle,Mattakelle,9,39,SD,6.45,8913.9,1382.0,MK
Palmerston,Palmerston,6AB,5,VP,5.67,3844.2599999999998,678.0,PT
Palmerston,Palmerston,5AB,10,VP,5.0,4795.0,959.0,PT
Palmerston,Palmerston,7C,22,VP,4.5,5557.5,1235.0,PT
Palmerston,Palmerston,1VP,22,VP,2.5,3972.5,1589.0,PT
Palmerston,Palmerston,7AB,27,VP,5.5,9234.5,1679.0,PT
Palmerston,Palmerston,5B2C,28,VP,5.0,8140.0,1628.0,PT
Palmerston,Palmerston,6VP,39,VP,7.0,9436.0,1348.0,PT
Palmerston,Palmerston,3VP,46,VP,3.5,3685.5,1053.0,PT
Palmerston,Palmerston,3,5,SD,6.0,960.0,160.0,PT
Palmerston,Palmerston,2,16,SD,7.0,2632.0,376.0,PT
Palmerston,Palmerston,4,34,SD,10.0,3720.0,372.0,PT
Palmerston,Palmerston,1,39,SD,4.5,1570.5,349.0,PT
Palmerston,Palmerston,7,46,SD,1.5,814.5,543.0,PT
Palmerston,Ritnagiriya,10A,5,VP,3.0,2049.0,683.0,RT
Palmerston,Ritnagiriya,9,5,VP,2.5,1980.0,792.0,RT
Palmerston,Ritnagiriya,8A,5,VP,4.5,2115.0,470.0,RT
Palmerston,Ritnagiriya,12AB,10,VP,8.09,4004.5499999999997,495.0,RT
Palmerston,Ritnagiriya,8C,10,VP,5.0,4045.0,809.0,RT
Palmerston,Ritnagiriya,8B,14,VP,5.5,7546.0,1372.0,RT
Palmerston,Ritnagiriya,14B,17,VP,3.0,4779.0,1593.0,RT
Palmerston,Ritnagiriya,9B/1,21,VP,2.0,3420.0,1710.0,RT
Palmerston,Ritnagiriya,15,22,VP,10.0,13790.0,1379.0,RT
Palmerston,Ritnagiriya,13B,27,VP,4.0,5168.0,1292.0,RT
Palmerston,Ritnagiriya,11 B,28,VP,5.5,5747.5,1045.0,RT
Palmerston,Ritnagiriya,11 A,34,VP,5.5,5566.0,1012.0,RT
Palmerston,Ritnagiriya,14A,40,VP,3.0,4158.0,1386.0,RT
Palmerston,Ritnagiriya,10B,46,VP,2.0,3008.0,1504.0,RT
Palmerston,Ritnagiriya,12CD,46,VP,5.85,6633.9,1134.0,RT
Palmerston,Ritnagiriya,13A,46,VP,4.0,4772.0,1193.0,RT
Palmerston,Ritnagiriya,14CD,52,VP,3.75,4601.25,1227.0,RT
Wattegoda,Lower,23B,2,VP,3.5,1953.0,558.0,WL
Wattegoda,Lower,11B,6,VP,3.25,3113.0000000000005,957.846153846154,WL
Wattegoda,Lower,14,10,VP,3.0,3401.00000000001,1133.66666666667,WL
Wattegoda,Lower,13C,10,VP,4.0,4357.0,1089.25,WL
Wattegoda,Lower,23A,15,VP,3.5,8175.000000000015,2335.71428571429,WL
Wattegoda,Lower,25,17,VP,3.0,5711.00000000001,1903.66666666667,WL
Wattegoda,Lower,26A,19,VP,2.0,3111.0,1555.5,WL
Wattegoda,Lower,9B,21,VP,4.0,10642.0,2660.5,WL
Wattegoda,Lower,14A,21,VP,3.25,6105.000000000005,1878.46153846154,WL
Wattegoda,Lower,27C,21,VP,1.0,2042.0,2042.0,WL
Wattegoda,Lower,24A,28,VP,7.0,11926.99999999998,1703.85714285714,WL
Wattegoda,Lower,9A,34,VP,4.0,9433.0,2358.25,WL
Wattegoda,Lower,27B,34,VP,3.0,4665.99999999999,1555.33333333333,WL
Wattegoda,Lower,15A,34,VP,3.5,6026.0000000000155,1721.71428571429,WL
Wattegoda,Lower,11A,40,VP,3.5,5406.0000000000055,1544.57142857143,WL
Wattegoda,Lower,27A,40,VP,1.0,2184.0,2184.0,WL
Wattegoda,Lower,13A,40,VP,1.0,1680.0,1680.0,WL
Wattegoda,Lower,22,40,VP,1.5,3043.000000000005,2028.66666666667,WL
Wattegoda,Lower,25B,40,VP,2.0,3606.0,1803.0,WL
Wattegoda,Lower,20,46,VP,7.0,11152.999999999969,1593.28571428571,WL
Wattegoda,Lower,21,52,VP,8.25,9816.999999999967,1189.93939393939,WL
Wattegoda,Lower,26,17,SD,1.0,745.0,745.0,WL
Wattegoda,Lower,15,20,SD,3.25,2817.9999999999995,867.076923076923,WL
Wattegoda,Lower,18,20,SD,10.25,1318.999999999997,128.682926829268,WL
Wattegoda,Lower,12,27,SD,4.25,804.9999999999985,189.411764705882,WL
Wattegoda,Lower,17,34,SD,5.0,1473.0,294.6,WL
Wattegoda,Lower,9,40,SD,2.0,1445.0,722.5,WL
Wattegoda,Lower,19,40,SD,7.0,5795.000000000001,827.857142857143,WL
Wattegoda,Upper,7C,2,VP,1.0,1270.9402,1270.9402,WU
Wattegoda,Upper,UCB,2,VP,3.0,3494.4438600000003,1164.81462,WU
Wattegoda,Upper,10A,5,VP,6.9,6704.600800000001,971.681275362319,WU
Wattegoda,Upper,13B,5,VP,2.35,2322.4482,988.275829787234,WU
Wattegoda,Upper,7D,10,VP,3.0,5385.66225999999,1795.22075333333,WU
Wattegoda,Upper,4A,10,VP,5.0,7425.21252,1485.042504,WU
Wattegoda,Upper,7A,15,VP,3.0,6975.26346,2325.08782,WU
Wattegoda,Upper,10C,17,VP,3.0,7500.89793999999,2500.29931333333,WU
Wattegoda,Upper,4B,21,VP,5.0,9732.59048,1946.518096,WU
Wattegoda,Upper,5,21,VP,4.0,9885.1372,2471.2843,WU
Wattegoda,Upper,1A/A,22,VP,2.0,3490.05212,1745.02606,WU
Wattegoda,Upper,3,28,VP,6.75,14959.14293999997,2216.16932444444,WU
Wattegoda,Upper,7F,28,VP,2.0,3907.05462,1953.52731,WU
Wattegoda,Upper,3A,34,VP,2.5,3304.97032,1321.988128,WU
Wattegoda,Upper,UCA,34,VP,4.25,4833.186279999997,1137.22030117647,WU
Wattegoda,Upper,7,34,VP,1.75,2997.3050200000075,1712.74572571429,WU
Wattegoda,Upper,3B,39,VP,2.25,3332.26808000001,1481.00803555556,WU
Wattegoda,Upper,1A,39,VP,2.0,2779.82984,1389.91492,WU
Wattegoda,Upper,4C,39,VP,5.25,10254.876700000013,1953.30984761905,WU
Wattegoda,Upper,LC,46,VP,4.0,6461.43444,1615.35861,WU
Wattegoda,Upper,UC 4,52,VP,4.0,6160.64208,1540.16052,WU
Wattegoda,Upper,1B,5,SD,11.65,2615.9225000000006,224.542703862661,WU
Wattegoda,Upper,5SD,21,SD,3.0,1737.03216,579.01072,WU
Wattegoda,Upper,2B,45,SD,5.0,1868.7318200000002,373.746364,WU
Wattegoda,Yoxford,4A,10,VP,4.7,5799.759900000017,1233.99146808511,YF
Wattegoda,Yoxford,8A,16,VP,2.5,4801.0856,1920.43424,YF
Wattegoda,Yoxford,7AVP,20,VP,4.5,7407.1476999999895,1646.03282222222,YF
Wattegoda,Yoxford,5E,28,VP,4.0,7827.6937,1956.923425,YF
Wattegoda,Yoxford,7CVP,34,VP,1.5,2563.107499999995,1708.73833333333,YF
Wattegoda,Yoxford,6A,34,VP,1.0,1994.2126,1994.2126,YF
Wattegoda,Yoxford,13D,37,VP,3.5,8751.6961,2500.4846,YF
Wattegoda,Yoxford,5NC,39,VP,8.0,14801.7056,1850.2132,YF
Wattegoda,Yoxford,1AB,45,VP,3.0,4715.49459999999,1571.83153333333,YF
Wattegoda,Yoxford,2A,3,SD,10.75,2836.2333999999996,263.835665116279,YF
Wattegoda,Yoxford,3,4,SD,7.2,766.1552999999976,106.410458333333,YF
Wattegoda,Yoxford,6B,16,SD,4.0,2033.9657,508.491425,YF
Wattegoda,Yoxford,2B,20,SD,10.75,5419.460299999999,504.135841860465,YF
Wattegoda,Yoxford,4B,33,SD,6.75,1728.3406999999993,256.050474074074,YF
Wattegoda,Yoxford,7B,33,SD,4.5,2245.795299999999,499.065622222222,YF
Wattegoda,Yoxford,6AB,39,SD,3.6,1320.4338000000014,366.787166666667,YF
Wattegoda,Yoxford,1A,45,SD,8.0,3935.1393,491.8924125,YF
Wattegoda,Yoxford,1B,45,SD,8.5,5530.510399999998,650.648282352941,YF
